<meta>
    <info author="CrystalMV" version="1.2.0" name="Bone attachments" description="Attach elements to bones of peds and players" type="script" autostart="true" />
    <script src="bone_attach.lua" />
    <script src="bone_attach_c.lua" type="client" size="3859" />
    <script src="attach_func.lua" />
    <script src="attach_func.lua" type="client" size="3871" />
    <script src="bone_pos_rot.lua" type="client" size="3372" />
    
    <export function="attachElementToBone" type="server" />
    <export function="attachElementToBone" type="client" />
    <export function="detachElementFromBone" type="server" />
    <export function="detachElementFromBone" type="client" />
    <export function="isElementAttachedToBone" type="server" />
    <export function="isElementAttachedToBone" type="client" />
    <export function="getElementBoneAttachmentDetails" type="server" />
    <export function="getElementBoneAttachmentDetails" type="client" />
    <export function="setElementBonePositionOffset" type="server" />
    <export function="setElementBonePositionOffset" type="client" />
    <export function="setElementBoneRotationOffset" type="server" />
    <export function="setElementBoneRotationOffset" type="client" />
    <export function="getBonePositionAndRotation" type="client" />
    <min_mta_version server="1.3.4-0.00000" client="1.5.2-9.07903"></min_mta_version>
</meta>
