<meta>
  <info type="map" gamemodes="race" name="Bay Area Circuit" author="erorr404" description="A mix race starting at Bayside Marina, going to San Fierro via the Ganton bridge, and back to the start." version="0" />
  <map src="Bay Area Circuit.map" />
  <settings>
    <setting name="#time" value="10:0" />
    <setting name="#weather" value="7" />
    <setting name="#respawn" value="timelimit" />
    <setting name="#respawntime" value="15" />
    <setting name="#duration" value="360" />
    <setting name="#vehicle_physics_mode" value="fixed" />
  </settings>
</meta>
