<meta>
  <info type="map" gamemodes="race" name="BADlands BLASTAround" author="BLASTAxerox" description="Fast race in Banshees with some tight turns in places.  Just follow the road.  Respect to the BLASTA crew." version="0" />
  <map src="BADlands BLASTAround.map" />
  <settings>
    <setting name="#weather" value="7" />
    <setting name="#respawn" value="timelimit" />
    <setting name="#duration" value="250" />
    <setting name="#vehicle_physics_mode" value="fixed" />
  </settings>
</meta>
