<meta>
  <info type="map" gamemodes="race" name="Airport Speedway" author="BLASTAxerox" description="Easy race around the airport with some gradual turns.  Designed for high speed fun.  Respect to the BLASTA crew." version="0" />
  <map src="Airport Speedway.map" />
  <settings>
    <setting name="#weather" value="4" />
    <setting name="#respawn" value="timelimit" />
    <setting name="#duration" value="240" />
    <setting name="#vehicle_physics_mode" value="fixed" />
  </settings>
</meta>
