﻿<meta>
	<info type="script" name="dgs" description="thisdp's directx graphic user interface system" author="DGS Community" version="3.506" />
	<file src="html/media.html" />
	<file src="styleManager/styleMapper.lua"/>

	<script src="lua.lua" type="shared" />
	<script src="server.lua" type="server" />
	<script src="utility.lua" type="client" />
	<script src="manager.lua" type="client" />
	<script src="client.lua" type="client" />
	<script src="functions.lua" type="client" />
	<script src="styleManager/styleManager.lua" type="client" />
	<script src="Core/3dinterface.lua" type="client" />
	<script src="Core/3dline.lua" type="client" />
	<script src="Core/3dtext.lua" type="client" />
	<script src="Core/3dimage.lua" type="client" />
	<script src="Core/browser.lua" type="client" />
	<script src="Core/button.lua" type="client" />
	<script src="Core/checkbox.lua" type="client" />
	<script src="Core/combobox.lua" type="client" />
	<script src="Core/customRenderer.lua" type="client" />
	<script src="Core/edit.lua" type="client" />
	<script src="Core/detectarea.lua" type="client" />
	<script src="Core/gridlist.lua" type="client" />
	<script src="Core/image.lua" type="client" />
	<script src="Core/label.lua" type="client" />
	<script src="Core/memo.lua" type="client" />
	<script src="Core/menulist.lua" type="client" />
	<script src="Core/progressbar.lua" type="client" />
	<script src="Core/radiobutton.lua" type="client" />
	<script src="Core/tabpanel.lua" type="client" />
	<script src="Core/scrollbar.lua" type="client" />
	<script src="Core/scrollpane.lua" type="client" />
	<script src="Core/selector.lua" type="client" />
	<script src="Core/switchbutton.lua" type="client" />
	<script src="Core/window.lua" type="client" />
	<script src="Core/customCursor.lua" type="client" />
	<script src="dgsExportedFunction.lua" type="client" />
	<script src="plugin/media.lua" type="client" />
	<script src="animation.lua" type="client" />

	<script src="plugin/pluginManager.lua" type="client" />

	<script src="plugin/objPrevSupport.lua" type="client" />

	<script src="plugin/cmd.lua" type="client" />

	<script src="plugin/ColorPicker/colorPicker.lua" type="client" />
	<file src="plugin/ColorPicker/HSVRingSel.fx" type="client" />
	<file src="plugin/ColorPicker/HSVRing.fx" type="client" />
	<file src="plugin/ColorPicker/HSLSquare.fx" type="client" />
	<file src="plugin/ColorPicker/HSDisk.fx" type="client" />
	<file src="plugin/ColorPicker/HLDisk.fx" type="client" />
	<file src="plugin/ColorPicker/PickCircle.fx" type="client" />
	<file src="plugin/ColorPicker/HSLComponent.fx" type="client" />
	<file src="plugin/ColorPicker/HSVComponent.fx" type="client" />
	<file src="plugin/ColorPicker/RGBComponent.fx" type="client" />
	<file src="plugin/ColorPicker/ALPComponent.fx" type="client" />

	<script src="plugin/Effect3D.lua" type="client" />

	<script src="plugin/roundRect.lua" type="client" />

	<script src="plugin/QRCode.lua" type="client" />

	<script src="plugin/remoteImage.lua" type="client" />

	<script src="plugin/canvas.lua" type="client" />

	<script src="plugin/nineSlice.lua" type="client" />

	<script src="plugin/BlurBox.lua" type="client" />

	<script src="plugin/circle.lua" type="client" />

	<script src="plugin/pasteHandler/pasteHandler.lua" type="client"/>
	<file src="plugin/pasteHandler/pasteHandler.html" />

	<script src="plugin/mask/mask.lua" type="client" />
	<file src="plugin/mask/maskTexture.fx" type="client" />
	<file src="plugin/mask/mask-Circle.fx" type="client" />
	<file src="plugin/mask/mask-BackGroundFilter.fx" type="client" />
	<file src="plugin/mask/mask-ColorInverter.fx" type="client" />

	<script src="dxCmdEvent.lua" type="client" />
	<script src="update.lua" type="server" />
	<script src="G2DManager_s.lua" type="server" />
	<script src="test.lua" type="client" />
	<file src="classlib.lua" type="client" />

	<!--(Default Style)-->
	<file src="styleManager/Default/Images/combobox/arrow.fx" />
	<file src="styleManager/Default/Images/checkbox/cb_t.png" />
	<file src="styleManager/Default/Images/checkbox/cb_f.png" />
	<file src="styleManager/Default/Images/checkbox/cb_i.png" />
	<file src="styleManager/Default/Images/checkbox/cb_t_s.png" />
	<file src="styleManager/Default/Images/checkbox/cb_f_s.png" />
	<file src="styleManager/Default/Images/checkbox/cb_i_s.png" />
	<file src="styleManager/Default/Images/radiobutton/rb_t.png" />
	<file src="styleManager/Default/Images/radiobutton/rb_f.png" />
	<file src="styleManager/Default/Images/radiobutton/rb_t_s.png" />
	<file src="styleManager/Default/Images/radiobutton/rb_f_s.png" />
	<file src="styleManager/Default/Images/scrollbar/scrollbar_arrow.png" />
	<file src="styleManager/Default/Images/cursor/CursorText.png" />
	<file src="styleManager/Default/Images/cursor/CursorMove.png" />
	<file src="styleManager/Default/Images/cursor/CursorArrow.png" />
	<file src="styleManager/Default/Images/cursor/CursorPointer.png" />
	<file src="styleManager/Default/Images/cursor/CursorResize.png" />
	<file src="styleManager/Default/styleSettings.txt" />
	<!--$Add Your Styles Here-->
	<!--Warning: if you add your styles outside of this area, dgs updater won't keep them-->
	<!--(Default Style) Don't touch this style with your bear hand-->
	<file src="styleManager/Default/Images/combobox/arrow.fx" />
	<file src="styleManager/Default/Images/checkbox/cb_t.png" />
	<file src="styleManager/Default/Images/checkbox/cb_f.png" />
	<file src="styleManager/Default/Images/checkbox/cb_i.png" />
	<file src="styleManager/Default/Images/checkbox/cb_t_s.png" />
	<file src="styleManager/Default/Images/checkbox/cb_f_s.png" />
	<file src="styleManager/Default/Images/checkbox/cb_i_s.png" />
	<file src="styleManager/Default/Images/radiobutton/rb_t.png" />
	<file src="styleManager/Default/Images/radiobutton/rb_f.png" />
	<file src="styleManager/Default/Images/radiobutton/rb_t_s.png" />
	<file src="styleManager/Default/Images/radiobutton/rb_f_s.png" />
	<file src="styleManager/Default/Images/scrollbar/scrollbar_arrow.png" />
	<file src="styleManager/Default/styleSettings.txt" />
	<!--(Custom Style 1) -->

	<!--(Custom Style 2) -->

	<!--&Add Your Styles Here-->
	<export function="dgsAddEasingFunction" type="client" />
	<export function="dgsEasingFunctionExists" type="client" />
	<export function="dgsRemoveEasingFunction" type="client" />
	<export function="dgsSetSystemFont" type="client" />
	<export function="dgsGetSystemFont" type="client" />
	<export function="dgsGetPosition" type="client" />
	<export function="dgsSetPosition" type="client" />
	<export function="dgsSetParent" type="client" />
	<export function="dgsGetParent" type="client" />
	<export function="dgsGetChild" type="client" />
	<export function="dgsGetChildren" type="client" />
	<export function="dgsGetSize" type="client" />
	<export function="dgsSetSize" type="client" />
	<export function="dgsGetType" type="client" />
	<export function="dgsAnimTo" type="client" />
	<export function="dgsIsAniming" type="client" />
	<export function="dgsStopAniming" type="client" />
	<export function="dgsMoveTo" type="client" />
	<export function="dgsIsMoving" type="client" />
	<export function="dgsStopMoving" type="client" />
	<export function="dgsSizeTo" type="client" />
	<export function="dgsIsSizing" type="client" />
	<export function="dgsStopSizing" type="client" />
	<export function="dgsAlphaTo" type="client" />
	<export function="dgsIsAlphaing" type="client" />
	<export function="dgsStopAlphaing" type="client" />
	<export function="dgsGetProperty" type="client" />
	<export function="dgsSetProperty" type="client" />
	<export function="dgsGetProperties" type="client" />
	<export function="dgsSetProperties" type="client" />
	<export function="dgsSetPropertyInherit" type="client" />
	<export function="dgsGetVisible" type="client" />
	<export function="dgsSetVisible" type="client" />
	<export function="dgsGetEnabled" type="client" />
	<export function="dgsSetEnabled" type="client" />
	<export function="dgsGetPositionAlignment" type="client" />
	<export function="dgsSetPositionAlignment" type="client" />

	<export function="dgsGetSide" type="client" />
	<export function="dgsSetSide" type="client" />

	<export function="dgsGetAlpha" type="client" />
	<export function="dgsSetAlpha" type="client" />
	<export function="dgsSetLayer" type="client" />
	<export function="dgsGetLayer" type="client" />
	<export function="dgsBlur" type="client" />
	<export function="dgsFocus" type="client" />
	<export function="dgsSetCurrentLayerIndex" type="client" />
	<export function="dgsGetCurrentLayerIndex" type="client" />
	<export function="dgsGetLayerElements" type="client" />
	<export function="dgsGetFont" type="client" />
	<export function="dgsSetFont" type="client" />
	<export function="dgsGetText" type="client" />
	<export function="dgsSetText" type="client" />
	<export function="dgsGetPostGUI" type="client" />
	<export function="dgsSetPostGUI" type="client" />
	<export function="dgsCreateFont" type="client" />
	<export function="dgsBringToFront" type="client" />
	<export function="dgsMoveToBack" type="client" />
	<export function="dgsIsMouseWithinGUI" type="client" />
	<export function="dgsGetMouseEnterGUI" type="client" />
	<export function="dgsGetMouseLeaveGUI" type="client" />
	<export function="dgsGetDxGUIFromResource" type="client" />
	<export function="dgsGetDxGUINoParent" type="client" />
	<export function="dgsGetFocusedGUI" type="client" />
	<export function="dgsClear" type="client" />
	<export function="dgsSetRenderSetting" type="client" />
	<export function="dgsGetRenderSetting" type="client" />
	<export function="dgsSimulateClick" type="client" />
	<export function="dgsGetScreenSize" type="client" />
	<export function="dgsSetInputMode" type="client" />
	<export function="dgsGetInputMode" type="client" />
	<export function="dgsGetRootElement" type="client" />
	<export function="dgsSetInputEnabled" type="client" />
	<export function="dgsGetCurrentStyle" type="client" />
	<export function="dgsSetCurrentStyle" type="client" />
	<export function="dgsIsStyleAvailable" type="client" />
	<export function="dgsGetLoadedStyleList" type="client" />
	<export function="dgsAddMoveHandler" type="client" />
	<export function="dgsRemoveMoveHandler" type="client" />
	<export function="dgsIsMoveHandled" type="client" />
	<export function="dgsAddSizeHandler" type="client" />
	<export function="dgsRemoveSizeHandler" type="client" />
	<export function="dgsIsSizeHandled" type="client" />
	<export function="dgsAttachElements" type="client" />
	<export function="dgsDetachElements" type="client" />
	<export function="dgsElementIsAttached" type="client" />
	<export function="dgsGetCursorPosition" type="client" />
	<export function="dgsSetMultiClickInterval" type="client" />
	<export function="dgsSetMultiClickInterval" type="client" />
	<export function="dgsGetBrowser" type="client" />
	<export function="dgsAttachToAutoDestroy" type="client" />
	<export function="dgsDetachFromAutoDestroy" type="client" />
	<export function="dgsGetDetectArea" type="client" />
	<export function="dgsApplyDetectArea" type="client" />
	<export function="dgsRemoveDetectArea" type="client" />

	<export function="dgsSetCustomCursorImage" type="client" />
	<export function="dgsGetCustomCursorImage" type="client" />
	<export function="dgsSetCustomCursorEnabled" type="client" />
	<export function="dgsGetCustomCursorEnabled" type="client" />
	<export function="dgsSetCustomCursorSize" type="client" />
	<export function="dgsGetCustomCursorSize" type="client" />
	<export function="dgsGetCustomCursorType" type="client" />
	<export function="dgsSetCustomCursorColor" type="client" />
	<export function="dgsGetCustomCursorColor" type="client" />

	<export function="dgsTranslationTableExists" type="client" />
	<export function="dgsSetTranslationTable" type="client" />
	<export function="dgsAttachToTranslation" type="client" />
	<export function="dgsDetachFromTranslation" type="client" />
	<export function="dgsSetAttachTranslation" type="client" />
	<export function="dgsGetTranslationName" type="client" />
	<export function="dgsGetTranslationValue" type="client" />
	<export function="dgsTranslateText" type="client" />

	<export function="dgsCreateWindow" type="client" />
	<export function="dgsWindowSetSizable" type="client" />
	<export function="dgsWindowSetMovable" type="client" />
	<export function="dgsWindowGetSizable" type="client" />
	<export function="dgsWindowGetMovable" type="client" />
	<export function="dgsCloseWindow" type="client" />
	<export function="dgsWindowSetCloseButtonEnabled" type="client" />
	<export function="dgsWindowGetCloseButtonEnabled" type="client" />
	<export function="dgsWindowSetCloseButtonSize" type="client" />
	<export function="dgsWindowGetCloseButtonSize" type="client" />
	<export function="dgsWindowGetCloseButton" type="client" />
	<export function="dgsWindowSetHorizontalAlign" type="client" />
	<export function="dgsWindowSetVerticalAlign" type="client" />
	<export function="dgsWindowGetHorizontalAlign" type="client" />
	<export function="dgsWindowGetVerticalAlign" type="client" />

	<export function="dgsCreateCustomRenderer" type="client" />
	<export function="dgsCustomRendererSetFunction" type="client" />

	<export function="dgsCreate3DInterface" type="client" />
	<export function="dgs3DInterfaceGetBlendMode" type="client" />
	<export function="dgs3DInterfaceSetBlendMode" type="client" />
	<export function="dgs3DInterfaceGetPosition" type="client" />
	<export function="dgs3DInterfaceSetPosition" type="client" />
	<export function="dgs3DInterfaceGetSize" type="client" />
	<export function="dgs3DInterfaceSetSize" type="client" />
	<export function="dgs3DInterfaceGetResolution" type="client" />
	<export function="dgs3DInterfaceSetResolution" type="client" />
	<export function="dgs3DInterfaceGetFaceTo" type="client" />
	<export function="dgs3DInterfaceSetFaceTo" type="client" />
	<export function="dgs3DInterfaceAttachToElement" type="client" />
	<export function="dgs3DInterfaceIsAttached" type="client" />
	<export function="dgs3DInterfaceDetachFromElement" type="client" />
	<export function="dgs3DInterfaceSetAttachedOffsets" type="client" />
	<export function="dgs3DInterfaceGetAttachedOffsets" type="client" />
	<export function="dgs3DInterfaceSetDimension" type="client" />
	<export function="dgs3DInterfaceGetDimension" type="client" />
	<export function="dgs3DInterfaceSetInterior" type="client" />
	<export function="dgs3DInterfaceGetInterior" type="client" />
	<export function="dgs3DInterfaceSetRotation" type="client" />
	<export function="dgs3DInterfaceGetRotation" type="client" />

	<export function="dgsCreate3DLine" type="client" />
	<export function="dgs3DLineAddLine" type="client" />
	<export function="dgs3DLineRemoveLine" type="client" />
	<export function="dgs3DLineSetItemPosition" type="client" />
	<export function="dgs3DLineGetItemPosition" type="client" />
	<export function="dgs3DLineSetItemWidth" type="client" />
	<export function="dgs3DLineGetItemWidth" type="client" />
	<export function="dgs3DLineSetItemColor" type="client" />
	<export function="dgs3DLineGetItemColor" type="client" />
	<export function="dgs3DLineGetDimension" type="client" />
	<export function="dgs3DLineSetDimension" type="client" />
	<export function="dgs3DLineGetInterior" type="client" />
	<export function="dgs3DLineSetInterior" type="client" />
	<export function="dgs3DLineAttachToElement" type="client" />
	<export function="dgs3DLineIsAttached" type="client" />
	<export function="dgs3DLineDetachFromElement" type="client" />
	<export function="dgs3DLineSetAttachedOffsets" type="client" />
	<export function="dgs3DLineGetAttachedOffsets" type="client" />
	<export function="dgs3DLineSetPosition" type="client" />
	<export function="dgs3DLineGetPosition" type="client" />
	<export function="dgs3DLineSetRotation" type="client" />
	<export function="dgs3DLineGetRotation" type="client" />

	<export function="dgsCreate3DText" type="client" />
	<export function="dgs3DTextGetPosition" type="client" />
	<export function="dgs3DTextSetPosition" type="client" />
	<export function="dgs3DTextAttachToElement" type="client" />
	<export function="dgs3DTextIsAttached" type="client" />
	<export function="dgs3DTextDetachFromElement" type="client" />
	<export function="dgs3DTextSetAttachedOffsets" type="client" />
	<export function="dgs3DTextGetAttachedOffsets" type="client" />
	<export function="dgs3DTextSetDimension" type="client" />
	<export function="dgs3DTextGetDimension" type="client" />
	<export function="dgs3DTextSetInterior" type="client" />
	<export function="dgs3DTextGetInterior" type="client" />

	<export function="dgsCreate3DImage" type="client" />
	<export function="dgs3DImageSetImage" type="client" />
	<export function="dgs3DImageGetImage" type="client" />
	<export function="dgs3DImageSetSize" type="client" />
	<export function="dgs3DImageGetSize" type="client" />
	<export function="dgs3DImageGetDimension" type="client" />
	<export function="dgs3DImageSetDimension" type="client" />
	<export function="dgs3DImageGetInterior" type="client" />
	<export function="dgs3DImageSetInterior" type="client" />
	<export function="dgs3DImageAttachToElement" type="client" />
	<export function="dgs3DImageIsAttached" type="client" />
	<export function="dgs3DImageDetachFromElement" type="client" />
	<export function="dgs3DImageSetAttachedOffsets" type="client" />
	<export function="dgs3DImageGetAttachedOffsets" type="client" />
	<export function="dgs3DImageSetPosition" type="client" />
	<export function="dgs3DImageGetPosition" type="client" />

	<export function="dgsCreateScrollPane" type="client" />
	<export function="dgsScrollPaneGetScrollBar" type="client" />
	<export function="dgsScrollPaneSetScrollBarState" type="client" />
	<export function="dgsScrollPaneGetScrollBarState" type="client" />
	<export function="dgsScrollPaneSetScrollPosition" type="client" />
	<export function="dgsScrollPaneGetScrollPosition" type="client" />
	<export function="dgsScrollPaneSetHorizontalScrollPosition" type="client" />
	<export function="dgsScrollPaneGetHorizontalScrollPosition" type="client" />
	<export function="dgsScrollPaneSetVerticalScrollPosition" type="client" />
	<export function="dgsScrollPaneGetVerticalScrollPosition" type="client" />
	<export function="dgsScrollPaneSetViewOffset" type="client" />
	<export function="dgsScrollPaneGetViewOffset" type="client" />

	<export function="dgsCreateRadioButton" type="client" />
	<export function="dgsRadioButtonGetSelected" type="client" />
	<export function="dgsRadioButtonSetSelected" type="client" />
	<export function="dgsRadioButtonSetHorizontalAlign" type="client" />
	<export function="dgsRadioButtonSetVerticalAlign" type="client" />
	<export function="dgsRadioButtonGetHorizontalAlign" type="client" />
	<export function="dgsRadioButtonGetVerticalAlign" type="client" />

	<export function="dgsCreateCheckBox" type="client" />
	<export function="dgsCheckBoxGetSelected" type="client" />
	<export function="dgsCheckBoxSetSelected" type="client" />
	<export function="dgsCheckBoxSetHorizontalAlign" type="client" />
	<export function="dgsCheckBoxSetVerticalAlign" type="client" />
	<export function="dgsCheckBoxGetHorizontalAlign" type="client" />
	<export function="dgsCheckBoxGetVerticalAlign" type="client" />

	<export function="dgsCreateComboBox" type="client" />
	<export function="dgsComboBoxAddItem" type="client" />
	<export function="dgsComboBoxRemoveItem" type="client" />
	<export function="dgsComboBoxSetItemText" type="client" />
	<export function="dgsComboBoxGetItemText" type="client" />
	<export function="dgsComboBoxClear" type="client" />
	<export function="dgsComboBoxSetSelectedItem" type="client" />
	<export function="dgsComboBoxGetSelectedItem" type="client" />
	<export function="dgsComboBoxSetItemColor" type="client" />
	<export function="dgsComboBoxGetItemColor" type="client" />
	<export function="dgsComboBoxSetState" type="client" />
	<export function="dgsComboBoxGetState" type="client" />
	<export function="dgsComboBoxSetBoxHeight" type="client" />
	<export function="dgsComboBoxGetBoxHeight" type="client" />
	<export function="dgsComboBoxGetScrollBar" type="client" />
	<export function="dgsComboBoxSetScrollPosition" type="client" />
	<export function="dgsComboBoxGetScrollPosition" type="client" />
	<export function="dgsComboBoxSetCaptionText" type="client" />
	<export function="dgsComboBoxGetCaptionText" type="client" />
	<export function="dgsComboBoxSetEditEnabled" type="client" />
	<export function="dgsComboBoxGetEditEnabled" type="client" />
	<export function="dgsComboBoxGetText" type="client" />
	<export function="dgsComboBoxGetItemCount" type="client" />
	<export function="dgsComboBoxSetViewCount" type="client" />
	<export function="dgsComboBoxGetViewCount" type="client" />
	<export function="dgsComboBoxSetItemFont" type="client" />
	<export function="dgsComboBoxGetItemFont" type="client" />
	<export function="dgsComboBoxSetItemImage" type="client" />
	<export function="dgsComboBoxGetItemImage" type="client" />
	<export function="dgsComboBoxRemoveItemImage" type="client" />

	<export function="dgsCreateButton" type="client" />

	<export function="dgsCreateEdit" type="client" />
	<export function="dgsEditMoveCaret" type="client" />
	<export function="dgsEditGetCaretPosition" type="client" />
	<export function="dgsEditSetCaretPosition" type="client" />
	<export function="dgsEditGetCaretStyle" type="client" />
	<export function="dgsEditSetCaretStyle" type="client" />
	<export function="dgsEditSetWhiteList" type="client" />
	<export function="dgsEditGetMaxLength" type="client" />
	<export function="dgsEditSetMaxLength" type="client" />
	<export function="dgsEditSetReadOnly" type="client" />
	<export function="dgsEditGetReadOnly" type="client" />
	<export function="dgsEditSetMasked" type="client" />
	<export function="dgsEditGetMasked" type="client" />
	<export function="dgsEditSetUnderlined" type="client" />
	<export function="dgsEditGetUnderlined" type="client" />
	<export function="dgsEditSetHorizontalAlign" type="client" />
	<export function="dgsEditSetVerticalAlign" type="client" />
	<export function="dgsEditGetHorizontalAlign" type="client" />
	<export function="dgsEditGetVerticalAlign" type="client" />
	<export function="dgsEditInsertText" type="client" />
	<export function="dgsEditReplaceText" type="client" />
	<export function="dgsEditDeleteText" type="client" />
	<export function="dgsEditGetPartOfText" type="client" />
	<export function="dgsEditClearText" type="client" />
	<export function="dgsEditSetTypingSound" type="client" />
	<export function="dgsEditGetTypingSound" type="client" />
	<export function="dgsEditSetAlignment" type="client" />
	<export function="dgsEditGetAlignment" type="client" />
	<export function="dgsEditSetPlaceHolder" type="client" />
	<export function="dgsEditGetPlaceHolder" type="client" />
	<export function="dgsEditAddAutoComplete" type="client" />
	<export function="dgsEditRemoveAutoComplete" type="client" />
	<export function="dgsEditSetAutoComplete" type="client" />
	<export function="dgsEditGetAutoComplete" type="client" />

	<export function="dgsCreateMemo" type="client" />
	<export function="dgsMemoMoveCaret" type="client" />
	<export function="dgsMemoSeekPosition" type="client" />
	<export function="dgsMemoSetCaretPosition" type="client" />
	<export function="dgsMemoGetCaretPosition" type="client" />
	<export function="dgsMemoSetCaretStyle" type="client" />
	<export function="dgsMemoGetCaretStyle" type="client" />
	<export function="dgsMemoSetReadOnly" type="client" />
	<export function="dgsMemoGetReadOnly" type="client" />
	<export function="dgsMemoGetPartOfText" type="client" />
	<export function="dgsMemoDeleteText" type="client" />
	<export function="dgsMemoInsertText" type="client" />
	<export function="dgsMemoAppendText" type="client" />
	<export function="dgsMemoClearText" type="client" />
	<export function="dgsMemoGetScrollBar" type="client" />
	<export function="dgsMemoSetScrollPosition" type="client" />
	<export function="dgsMemoGetScrollPosition" type="client" />
	<export function="dgsMemoSetHorizontalScrollPosition" type="client" />
	<export function="dgsMemoGetHorizontalScrollPosition" type="client" />
	<export function="dgsMemoSetVerticalScrollPosition" type="client" />
	<export function="dgsMemoGetVerticalScrollPosition" type="client" />
	<export function="dgsMemoSetTypingSound" type="client" />
	<export function="dgsMemoGetTypingSound" type="client" />
	<export function="dgsMemoGetLineCount" type="client" />
	<export function="dgsMemoSetWordWrapState" type="client" />
	<export function="dgsMemoGetWordWrapState" type="client" />
	<export function="dgsMemoSetScrollBarState" type="client" />
	<export function="dgsMemoGetScrollBarState" type="client" />
	<export function="dgsMemoGetLineLength" type="client" />
	<export function="dgsMemoGetLineCount" type="client" />
	<export function="dgsMemoGetMaxLength" type="client" />
	<export function="dgsMemoSetMaxLength" type="client" />

	<export function="dgsCreateMediaBrowser" type="client" />
	<export function="dgsMediaLoadMedia" type="client" />
	<export function="dgsMediaGetMediaPath" type="client" />
	<export function="dgsMediaClearMedia" type="client" />
	<export function="dgsMediaIsStreamMedia" type="client" />
	<export function="dgsMediaPlay" type="client" />
	<export function="dgsMediaPause" type="client" />
	<export function="dgsMediaStop" type="client" />
	<export function="dgsMediaSetSize" type="client" />
	<export function="dgsMediaSetSpeed" type="client" />
	<export function="dgsMediaGetSpeed" type="client" />
	<export function="dgsMediaSetFilled" type="client" />
	<export function="dgsMediaGetFilled" type="client" />
	<export function="dgsMediaSetFullScreen" type="client" />
	<export function="dgsMediaGetFullScreen" type="client" />
	<export function="dgsMediaGetDuration" type="client" />
	<export function="dgsMediaGetCurrentPosition" type="client" />
	<export function="dgsMediaSetCurrentPosition" type="client" />
	<export function="dgsMediaGetLooped" type="client" />
	<export function="dgsMediaSetLooped" type="client" />

	<export function="dgsCreateImage" type="client" />
	<export function="dgsImageSetImage" type="client" />
	<export function="dgsImageGetImage" type="client" />
	<export function="dgsImageSetUVSize" type="client" />
	<export function="dgsImageGetUVSize" type="client" />
	<export function="dgsImageSetUVPosition" type="client" />
	<export function="dgsImageGetUVPosition" type="client" />
	<export function="dgsImageGetNativeSize" type="client" />

	<export function="dgsCreateProgressBar" type="client" />
	<export function="dgsProgressBarGetProgress" type="client" />
	<export function="dgsProgressBarSetProgress" type="client" />
	<export function="dgsProgressBarGetMode" type="client" />
	<export function="dgsProgressBarSetMode" type="client" />
	<export function="dgsProgressBarGetVerticalSide" type="client" />
	<export function="dgsProgressBarSetVerticalSide" type="client" />
	<export function="dgsProgressBarGetHorizontalSide" type="client" />
	<export function="dgsProgressBarSetHorizontalSide" type="client" />
	<export function="dgsProgressBarGetStyle" type="client" />
	<export function="dgsProgressBarSetStyle" type="client" />
	<export function="dgsProgressBarGetStyleProperty" type="client" />
	<export function="dgsProgressBarGetStyleProperties" type="client" />
	<export function="dgsProgressBarSetStyleProperty" type="client" />

	<export function="dgsCreateLabel" type="client" />
	<export function="dgsLabelGetColor" type="client" />
	<export function="dgsLabelSetColor" type="client" />
	<export function="dgsLabelSetHorizontalAlign" type="client" />
	<export function="dgsLabelSetVerticalAlign" type="client" />
	<export function="dgsLabelGetHorizontalAlign" type="client" />
	<export function="dgsLabelGetVerticalAlign" type="client" />
	<export function="dgsLabelGetTextExtent" type="client" />
	<export function="dgsLabelGetFontHeight" type="client" />

	<export function="dgsCreateTabPanel" type="client" />
	<export function="dgsCreateTab" type="client" />
	<export function="dgsTabPanelGetTabFromID" type="client" />
	<export function="dgsTabPanelMoveTab" type="client" />
	<export function="dgsTabPanelGetTabID" type="client" />
	<export function="dgsGetSelectedTab" type="client" />
	<export function="dgsSetSelectedTab" type="client" />
	<export function="dgsDeleteTab" type="client" />

	<export function="dgsCreateScrollBar" type="client" />
	<export function="dgsScrollBarSetScrollPosition" type="client" />
	<export function="dgsScrollBarGetScrollPosition" type="client" />
	<export function="dgsScrollBarSetCursorLength" type="client" />
	<export function="dgsScrollBarGetCursorLength" type="client" />
	<export function="dgsScrollBarSetLocked" type="client" />
	<export function="dgsScrollBarGetLocked" type="client" />
	<export function="dgsScrollBarSetGrades" type="client" />
	<export function="dgsScrollBarGetGrades" type="client" />
	<export function="dgsScrollBarSetCursorWidth" type="client" />
	<export function="dgsScrollBarGetCursorWidth" type="client" />
	<export function="dgsScrollBarSetTroughWidth" type="client" />
	<export function="dgsScrollBarGetTroughWidth" type="client" />
	<export function="dgsScrollBarSetArrowSize" type="client" />
	<export function="dgsScrollBarGetArrowSize" type="client" />

	<export function="dgsCreateSelector" type="client" />
	<export function="dgsSelectorAddItem" type="client" />
	<export function="dgsSelectorRemoveItem" type="client" />
	<export function="dgsSelectorSetSelectedItem" type="client" />
	<export function="dgsSelectorGetSelectedItem" type="client" />
	<export function="dgsSelectorGetItemText" type="client" />
	<export function="dgsSelectorSetItemText" type="client" />
	<export function="dgsSelectorSetItemData" type="client" />
	<export function="dgsSelectorGetItemData" type="client" />
	<export function="dgsSelectorSetItemColor" type="client" />
	<export function="dgsSelectorGetItemColor" type="client" />
	<export function="dgsSelectorSetItemFont" type="client" />
	<export function="dgsSelectorGetItemFont" type="client" />
	<export function="dgsSelectorSetItemTextSize" type="client" />
	<export function="dgsSelectorGetItemTextSize" type="client" />
	<export function="dgsSelectorSetItemAlignment" type="client" />
	<export function="dgsSelectorGetItemAlignment" type="client" />
	<export function="dgsSelectorSetItemImage" type="client" />
	<export function="dgsSelectorGetItemImage" type="client" />
	<export function="dgsSelectorRemoveItemImage" type="client" />

	<export function="dgsCreateSwitchButton" type="client" />
	<export function="dgsSwitchButtonGetState" type="client" />
	<export function="dgsSwitchButtonSetState" type="client" />
	<export function="dgsSwitchButtonSetText" type="client" />
	<export function="dgsSwitchButtonGetText" type="client" />

	<export function="dgsCreateGridList" type="client" />
	<export function="dgsGridListGetScrollBar" type="client" />
	<export function="dgsGridListResetScrollBarPosition" type="client" />
	<export function="dgsGridListSetColumnRelative" type="client" />
	<export function="dgsGridListGetColumnRelative" type="client" />
	<export function="dgsGridListAddColumn" type="client" />
	<export function="dgsGridListAutoSizeColumn" type="client" />
	<export function="dgsGridListGetColumnCount" type="client" />
	<export function="dgsGridListRemoveColumn" type="client" />
	<export function="dgsGridListGetColumnAllWidth" type="client" />
	<export function="dgsGridListGetColumnWidth" type="client" />
	<export function="dgsGridListSetColumnWidth" type="client" />
	<export function="dgsGridListGetColumnHeight" type="client" />
	<export function="dgsGridListSetColumnHeight" type="client" />
	<export function="dgsGridListGetColumnTitle" type="client" />
	<export function="dgsGridListSetColumnTitle" type="client" />
	<export function="dgsGridListSetColumnFont" type="client" />
	<export function="dgsGridListGetColumnFont" type="client" />
	<export function="dgsGridListSetColumnAlignment" type="client" />
	<export function="dgsGridListGetColumnAlignment" type="client" />
	<export function="dgsGridListGetColumnTextSize" type="client" />
	<export function="dgsGridListSetColumnTextSize" type="client" />
	<export function="dgsGridListInsertRowAfter" type="client" />
	<export function="dgsGridListAddRow" type="client" />
	<export function="dgsGridListAddRows" type="client" />
	<export function="dgsGridListRemoveRow" type="client" />
	<export function="dgsGridListClearRow" type="client" />
	<export function="dgsGridListClearColumn" type="client" />
	<export function="dgsGridListClear" type="client" />
	<export function="dgsGridListGetRowCount" type="client" />
	<export function="dgsGridListGetSelectedItem" type="client" />
	<export function="dgsGridListGetPreselectedItem" type="client" />
	<export function="dgsGridListSetSelectedItem" type="client" />
	<export function="dgsGridListGetSelectedItems" type="client" />
	<export function="dgsGridListSetSelectedItems" type="client" />
	<export function="dgsGridListGetSelectedCount" type="client" />
	<export function="dgsGridListGetRowHoverable" type="client" />
	<export function="dgsGridListSetRowHoverable" type="client" />
	<export function="dgsGridListGetRowSelectable" type="client" />
	<export function="dgsGridListSetRowSelectable" type="client" />
	<export function="dgsGridListSetRowBackGroundColor" type="client" />
	<export function="dgsGridListGetRowBackGroundColor" type="client" />
	<export function="dgsGridListGetRowBackGroundImage" type="client" />
	<export function="dgsGridListSetRowBackGroundImage" type="client" />
	<export function="dgsGridListSetItemText" type="client" />
	<export function="dgsGridListGetItemText" type="client" />
	<export function="dgsGridListSetItemTextOffset" type="client" />
	<export function="dgsGridListGetItemTextOffset" type="client" />
	<export function="dgsGridListSetItemAlignment" type="client" />
	<export function="dgsGridListGetItemAlignment" type="client" />
	<export function="dgsGridListSetItemColor" type="client" />
	<export function="dgsGridListGetItemColor" type="client" />
	<export function="dgsGridListGetItemHoverable" type="client" />
	<export function="dgsGridListSetItemHoverable" type="client" />
	<export function="dgsGridListGetItemSelectable" type="client" />
	<export function="dgsGridListSetItemSelectable" type="client" />
	<export function="dgsGridListSetItemBackGroundColor" type="client" />
	<export function="dgsGridListGetItemBackGroundColor" type="client" />
	<export function="dgsGridListSetItemBackGroundImage" type="client" />
	<export function="dgsGridListGetItemBackGroundImage" type="client" />
	<export function="dgsGridListSetItemFont" type="client" />
	<export function="dgsGridListGetItemFont" type="client" />
	<export function="dgsGridListSetItemTextSize" type="client" />
	<export function="dgsGridListGetItemTextSize" type="client" />
	<export function="dgsGridListGetItemData" type="client" />
	<export function="dgsGridListSetItemData" type="client" />
	<export function="dgsGridListSetRowAsSection" type="client" />
	<export function="dgsGridListGetItemImage" type="client" />
	<export function="dgsGridListSetItemImage" type="client" />
	<export function="dgsGridListRemoveItemImage" type="client" />
	<export function="dgsGridListSelectItem" type="client" />
	<export function="dgsGridListItemIsSelected" type="client" />
	<export function="dgsGridListSetMultiSelectionEnabled" type="client" />
	<export function="dgsGridListGetMultiSelectionEnabled" type="client" />
	<export function="dgsGridListSetSelectionMode" type="client" />
	<export function="dgsGridListGetSelectionMode" type="client" />
	<export function="dgsGridListSetSortFunction" type="client" />
	<export function="dgsGridListSetAutoSortEnabled" type="client" />
	<export function="dgsGridListGetAutoSortEnabled" type="client" />
	<export function="dgsGridListSetSortEnabled" type="client" />
	<export function="dgsGridListGetSortEnabled" type="client" />
	<export function="dgsGridListSetSortColumn" type="client" />
	<export function="dgsGridListGetSortColumn" type="client" />
	<export function="dgsGridListSort" type="client" />
	<export function="dgsGridListScrollTo" type="client" />
	<export function="dgsGridListGetEnterColumn" type="client" />
	<export function="dgsGridListSetScrollPosition" type="client" />
	<export function="dgsGridListGetScrollPosition" type="client" />
	<export function="dgsGridListSetHorizontalScrollPosition" type="client" />
	<export function="dgsGridListGetHorizontalScrollPosition" type="client" />
	<export function="dgsGridListSetVerticalScrollPosition" type="client" />
	<export function="dgsGridListGetVerticalScrollPosition" type="client" />
	<export function="dgsGridListSetNavigationEnabled" type="client" />
	<export function="dgsGridListGetNavigationEnabled" type="client" />
	<export function="dgsAttachToGridList" type="client" />
	<export function="dgsGetAttachedGridList" type="client" />
	<export function="dgsDetachFromGridList" type="client" />

	<export function="dgsCreateBrowser" type="client" />

	<export function="dgsCreateDetectArea" type="client" />
	<export function="dgsDetectAreaSetFunction" type="client" />
	<export function="dgsDetectAreaSetDebugModeEnabled" type="client" />
	<export function="dgsDetectAreaGetDebugModeEnabled" type="client" />

	<!-- Plugins -->
	<export function="dgsGetPluginType" type="client" />

	<export function="dgsCreateRoundRect" type="client" />
	<export function="dgsRoundRectSetTexture" type="client" />
	<export function="dgsRoundRectSetRadius" type="client" />
	<export function="dgsRoundRectGetRadius" type="client" />
	<export function="dgsRoundRectSetColor" type="client" />
	<export function="dgsRoundRectGetColor" type="client" />
	<export function="dgsRoundRectSetColorOverwritten" type="client" />
	<export function="dgsRoundRectGetColorOverwritten" type="client" />
	<export function="dgsRoundRectSetBorderThickness" type="client" />
	<export function="dgsRoundRectGetBorderThickness" type="client" />
	<export function="dgsRoundRectGetBorderOnly" type="client" />

	<export function="dgsCreateColorPicker" type="client" />
	<export function="dgsColorPickerCreateComponentSelector" type="client" />
	<export function="dgsColorPickerGetComponentSelectorValue" type="client" />
	<export function="dgsColorPickerSetComponentSelectorValue" type="client" />
	<export function="dgsBindToColorPicker" type="client" />
	<export function="dgsUnbindFromColorPicker" type="client" />
	<export function="dgsColorPickerGetColor" type="client" />
	<export function="dgsColorPickerSetColor" type="client" />

	<export function="dgsCreateBlurBox" type="client" />
	<export function="dgsBlurBoxSetResolution" type="client" />
	<export function="dgsBlurBoxGetResolution" type="client" />
	<export function="dgsBlurBoxSetIntensity" type="client" />
	<export function="dgsBlurBoxGetIntensity" type="client" />
	<export function="dgsBlurBoxSetLevel" type="client" />
	<export function="dgsBlurBoxGetLevel" type="client" />

	<export function="dgsCreateEffect3D" type="client" />
	<export function="dgsEffect3DApplyToScrollPane" type="client" />
	<export function="dgsEffect3DRemoveFromScrollPane" type="client" />

	<export function="dgsRGBToHSV" type="client" />
	<export function="dgsRGBToHSL" type="client" />
	<export function="dgsHSLToRGB" type="client" />
	<export function="dgsHSVToRGB" type="client" />
	<export function="dgsHSLToHSV" type="client" />
	<export function="dgsHSVToHSL" type="client" />

	<export function="dgsCreateNineSlice" type="client" />
	<export function="dgsNineSliceSetGrid" type="client" />
	<export function="dgsNineSliceGetGrid" type="client" />
	<export function="dgsNineSliceSetTexture" type="client" />
	<export function="dgsNineSliceGetTexture" type="client" />

	<export function="dgsLocateObjectPreviewResource" type="client" />
	<export function="dgsCreateObjectPreviewHandle" type="client" />
	<export function="dgsAttachObjectPreviewToImage" type="client" />
	<export function="dgsRemoveObjectPreviewFromImage" type="client" />
	<export function="dgsObjectPreviewGetHandleByID" type="client" />
	<export function="dgsConfigureObjectPreview" type="client" />

	<export function="dgsCreateMask" type="client" />
	<export function="dgsMaskGetSetting" type="client" />
	<export function="dgsMaskSetSetting" type="client" />
	<export function="dgsMaskGetTexture" type="client" />
	<export function="dgsMaskSetTexture" type="client" />
	<export function="dgsMaskCenterTexturePosition" type="client" />
	<export function="dgsMaskAdaptTextureSize" type="client" />

	<export function="dgsCreateRemoteImage" type="client" />
	<export function="dgsRemoteImageRequest" type="client" />
	<export function="dgsRemoteImageAbort" type="client" />
	<export function="dgsRemoteImageGetTexture" type="client" />
	<export function="dgsGetRemoteImageLoadState" type="client" />

	<export function="dgsRequestQRCode" type="client" />
	<export function="dgsGetQRCodeLoaded" type="client" />

	<export function="dgsEnablePasteHandler" type="client" />
	<export function="dgsFocusPasteHandler" type="client" />
	<export function="dgsIsPasteHandlerFocused" type="client" />
	<export function="dgsBlurPasteHandler" type="client" />
	<export function="dgsDisablePasteHandler" type="client" />
	<export function="dgsIsPasteHandlerEnabled" type="client" />

	<export function="dgsCreateCanvas" type="client" />

	<export function="dgsCenterElement" type="client" />

	<export function="dgsGetExportedFunctionName" type="client" />
	<export function="dgsImportFunction" type="client" />
	<export function="dgsImportOOPClass" type="client" />
	<export function="dgsG2DLoadHooker" type="client" />

	<min_mta_version server="1.5.7-9.19626" client="1.5.7-9.20157" />
	<aclrequest>
		<right name="function.fetchRemote" access="true" />
		<right name="general.ModifyOtherObjects" access="true" />
	</aclrequest>
	<download_priority_group>999</download_priority_group>
</meta>
