<meta>
  <info type="map" gamemodes="race" name="Miniputt" author="Slothman" description="buddha awaits you if you fight past the sphinx the minefeild the farm and the kindom." version="0" />
  <map src="Miniputt.map" />
  <settings>
    <setting name="#time" value="6:0" />
    <setting name="#weather" value="5" />
    <setting name="#respawn" value="timelimit" />
    <setting name="#duration" value="480" />
    <setting name="#vehicle_physics_mode" value="fixed" />
  </settings>
</meta>
