<meta>
   <info type="map" gamemodes="race" name="Speed for Weed" author="KWKSND" description="Speed to get the Weed" version="1.0"/>
   <map src="KWK SPEED FOR WEED.map"/>
   <settings>
      <setting name="#duration" value="600"/>
      <setting name="#time" value="23:0"/>
      <setting name="#respawntime" value="7"/>
      <setting name="#weather" value="10"/>
      <setting name="#respawn" value="timelimit"/>
      <setting name="#vehicle_physics_mode" value="fixed" />
   </settings>
</meta>

