<meta>
<info author="@Zane" type="script" name="Audio Dashboard for vehicles" version="1.0" />
    <script src="sourceC.lua" type="client" />
    <script src="sourceS.lua" type="server" />
    <script src="commandsC.lua" type="client" />
    <script src="firstperson.lua" type="client" />
    
    <file src="files/background.png" />
    <file src="files/hifi.txd" />
    <file src="files/l1.png" />
    <file src="files/l2.png" />
    <file src="files/ledoff.png" />
    <file src="files/ledon.png" />
    <file src="files/opensans.ttf" />
    <file src="files/pin.png" />
    <file src="files/pout.png" />
    <file src="files/poweronoff.mp3" />
    <file src="files/r1.png" />
    <file src="files/r2.png" />
    <file src="files/sliderBG.png" />
    <file src="files/sliderC.png" />
    <file src="files/stationswitch.mp3" />
    <file src="files/volume.png" />
    
    <min_mta_version client="1.5.6" server="1.5.6" />
</meta>
