<meta>
  <info type="map" gamemodes="race" name="Santos Drive" author="Black Dragon" description="A cruise around Los Santos" version="0" />
  <map src="Santos Drive.map" />
  <settings>
    <setting name="#time" value="0:0" />
    <setting name="#weather" value="4" />
    <setting name="#respawn" value="timelimit" />
    <setting name="#respawntime" value="6" />
    <setting name="#duration" value="360" />
    <setting name="#vehicle_physics_mode" value="fixed" />
  </settings>
</meta>
