<meta>
  <info type="map" gamemodes="race" name="LV Sprint" author="erorr404" description="A short race through Las Venturas featuring vehicle selection." version="0" />
  <map src="LV Sprint.map" />
  <settings>
    <setting name="#time" value="22:0" />
    <setting name="#weather" value="5" />
    <setting name="#respawn" value="timelimit" />
    <setting name="#respawntime" value="20" />
    <setting name="#duration" value="240" />
    <setting name="#vehicle_physics_mode" value="fixed" />
  </settings>
</meta>
