<meta>
	<info author="Tekken (Einheit-101, Saml1er, majqq)" description="Attach Elements to bones (a better 'bonne_attach' resource)" type="script" version="1.4.0" />
	
	<script src="server.lua" type="server"/>
	<script src="client.lua" type="client"/>
	
	<export function="attachElementToBone" type="server" />
	<export function="detachElementFromBone" type="server" />
	<export function="isElementAttachedToBone" type="server" />
	<export function="getElementBoneAttachmentDetails" type="server" />
	<export function="setElementBonePositionOffset" type="server" />
	<export function="setElementBoneRotationOffset" type="server" />
	
	<export function="attachElementToBone" type="client" />
	<export function="detachElementFromBone" type="client" />
	<export function="isElementAttachedToBone" type="client" />
	<export function="getElementBoneAttachmentDetails" type="client" />
	<export function="setElementBonePositionOffset" type="client" />
	<export function="setElementBoneRotationOffset" type="client" />
</meta>
